[
  {
    "rating": [0],
    "banner": "banner-image.jpg",
    "gallery": [
      "gallery-1.jpg",
      "gallery-2.jpg",
      "gallery-3.jpg",
      "gallery-4.jpg",
      "gallery-5.jpg",
      "gallery-6.jpg"
    ],
    "profilePic": "profilepic.jpg",
    "Telephone": null,
    "website": "",
    "facebookurl": null,
    "instagramurl": null,
    "youtubeurl": null,
    "keywords": [""],
    "_id": "5e7f1993fa5e87452895c241",
    "name": "Ganesh Media Works",
    "category": "Photographer",
    "price": "10000",
    "primaryContact": 7207201717,
    "email": "ganeshmediaworks@gmail.com",
    "address": {
      "city": "rajahmundry",
      "state": "andhra pradesh",
      "area": "a.c.gardens",
      "dno": "4-17-12",
      "street": "kannamamba",
      "address": "opp.reliance trendz, near railway statiion",
      "district": "east godavari",
      "pincode": "533101"
    },
    "createdAt": "2020-03-28T09:32:03.389Z",
    "updatedAt": "2020-03-28T09:32:03.389Z",
    "slug": "ganesh-media-works",
    "__v": 0,
    "id": "5e7f1993fa5e87452895c241"
  },
  {
    "rating": [0],
    "banner": "banner-image.jpg",
    "gallery": [
      "gallery-1.jpg",
      "gallery-2.jpg",
      "gallery-3.jpg",
      "gallery-4.jpg",
      "gallery-5.jpg",
      "gallery-6.jpg"
    ],
    "profilePic": "profilepic.jpg",
    "Telephone": null,
    "website": "",
    "facebookurl": null,
    "instagramurl": null,
    "youtubeurl": null,
    "keywords": [""],
    "_id": "5e7f19d4fa5e87452895c242",
    "name": "Sriksha Conventions",
    "category": "Conventions",
    "price": "10000",
    "primaryContact": 9700989974,
    "email": "srikshaconentions@gmail.com",
    "address": {
      "city": "rajahmundry",
      "state": "andhra pradesh",
      "area": "a.c.gardens",
      "dno": "4-18-9",
      "street": "bharathi street",
      "address": "opp.reliance trendz, near railway statiion",
      "district": "east godavari",
      "pincode": "533101"
    },
    "createdAt": "2020-03-28T09:33:08.699Z",
    "updatedAt": "2020-03-28T09:33:08.699Z",
    "slug": "sriksha-conventions",
    "__v": 0,
    "id": "5e7f19d4fa5e87452895c242"
  },
  {
    "rating": [0],
    "banner": "banner-image.jpg",
    "gallery": [
      "gallery-1.jpg",
      "gallery-2.jpg",
      "gallery-3.jpg",
      "gallery-4.jpg",
      "gallery-5.jpg",
      "gallery-6.jpg"
    ],
    "profilePic": "profilepic.jpg",
    "Telephone": null,
    "website": "",
    "facebookurl": null,
    "instagramurl": null,
    "youtubeurl": null,
    "keywords": [""],
    "_id": "5e7f19e8fa5e87452895c243",
    "name": "Navya Designs",
    "category": "Florist",
    "price": "15000",
    "primaryContact": 8989778977,
    "email": "navyadesigningworks.rjy@gmail.com",
    "address": {
      "city": "rajahmundry",
      "state": "andhra pradesh",
      "area": "a.c.gardens",
      "dno": "4-18-22/1",
      "street": "bharathi street",
      "address": "opp.reliance trendz, near railway statiion",
      "district": "east godavari",
      "pincode": "533101"
    },
    "createdAt": "2020-03-28T09:33:28.679Z",
    "updatedAt": "2020-03-28T09:33:28.679Z",
    "slug": "navya-designs",
    "__v": 0,
    "id": "5e7f19e8fa5e87452895c243"
  },
  {
    "rating": [0],
    "banner": "banner-image.jpg",
    "gallery": [
      "gallery-1.jpg",
      "gallery-2.jpg",
      "gallery-3.jpg",
      "gallery-4.jpg",
      "gallery-5.jpg",
      "gallery-6.jpg"
    ],
    "profilePic": "profilepic.jpg",
    "Telephone": null,
    "website": "",
    "facebookurl": null,
    "instagramurl": null,
    "youtubeurl": null,
    "keywords": [""],
    "_id": "5e7f1a1ffa5e87452895c244",
    "name": "Teja Live Events",
    "category": "Photographer",
    "price": "10000",
    "primaryContact": 7569756911,
    "email": "tejaliveevents_sklm@gmail.com",
    "address": {
      "city": "srikakulam",
      "state": "andhra pradesh",
      "area": "arasavillu",
      "dno": "44-5-8",
      "street": "nagarapu veedi",
      "address": "peddamandala veedhi",
      "district": "srikakulam",
      "pincode": "545191"
    },
    "createdAt": "2020-03-28T09:34:23.872Z",
    "updatedAt": "2020-03-28T09:34:23.872Z",
    "slug": "teja-live-events",
    "__v": 0,
    "id": "5e7f1a1ffa5e87452895c244"
  },
  {
    "rating": [0],
    "banner": "banner-image.jpg",
    "gallery": [
      "gallery-1.jpg",
      "gallery-2.jpg",
      "gallery-3.jpg",
      "gallery-4.jpg",
      "gallery-5.jpg",
      "gallery-6.jpg"
    ],
    "profilePic": "profilepic.jpg",
    "Telephone": null,
    "website": "",
    "facebookurl": null,
    "instagramurl": null,
    "youtubeurl": null,
    "keywords": [""],
    "_id": "5e7f1a2bfa5e87452895c245",
    "name": "latha Bakeries",
    "category": "Cake",
    "price": "1000",
    "primaryContact": 8520085200,
    "email": "bakery.rjylatha@gmail.com",
    "address": {
      "city": "rajahmundry",
      "state": "andhra pradesh",
      "area": "a.c.gardens",
      "dno": "4-1-202/1",
      "street": "sivaji street",
      "address": "main road",
      "district": "east godavari",
      "pincode": "533101"
    },
    "createdAt": "2020-03-28T09:34:35.640Z",
    "updatedAt": "2020-03-28T09:34:35.640Z",
    "slug": "latha-bakeries",
    "__v": 0,
    "id": "5e7f1a2bfa5e87452895c245"
  },
  {
    "rating": [0],
    "banner": "banner-image.jpg",
    "gallery": [
      "gallery-1.jpg",
      "gallery-2.jpg",
      "gallery-3.jpg",
      "gallery-4.jpg",
      "gallery-5.jpg",
      "gallery-6.jpg"
    ],
    "profilePic": "profilepic.jpg",
    "Telephone": null,
    "website": "",
    "facebookurl": null,
    "instagramurl": null,
    "youtubeurl": null,
    "keywords": [""],
    "_id": "5e7f1a36fa5e87452895c246",
    "name": "Vinod Textiles",
    "category": "Dress",
    "price": "8500",
    "primaryContact": 9533495334,
    "email": "vinodtextiles2020@gmail.com",
    "address": {
      "city": "Yelleswaram",
      "state": "andhra pradesh",
      "area": "Dresses maraket",
      "dno": "202-11/56",
      "street": "banjara street",
      "address": "main road",
      "district": "east godavari",
      "pincode": "543216"
    },
    "createdAt": "2020-03-28T09:34:46.304Z",
    "updatedAt": "2020-03-28T09:34:46.304Z",
    "slug": "vinod-textiles",
    "__v": 0,
    "id": "5e7f1a36fa5e87452895c246"
  },
  {
    "rating": [0],
    "banner": "banner-image.jpg",
    "gallery": [
      "gallery-1.jpg",
      "gallery-2.jpg",
      "gallery-3.jpg",
      "gallery-4.jpg",
      "gallery-5.jpg",
      "gallery-6.jpg"
    ],
    "profilePic": "profilepic.jpg",
    "Telephone": null,
    "website": "",
    "facebookurl": null,
    "instagramurl": null,
    "youtubeurl": null,
    "keywords": [""],
    "_id": "5e7f1a42fa5e87452895c247",
    "name": "nayadu Bakeries",
    "category": "Cake",
    "price": "1000",
    "primaryContact": 9700009977,
    "email": "nayadibakeries@gmail.com",
    "address": {
      "city": "rajahmundry",
      "state": "andhra pradesh",
      "area": "stadium road",
      "dno": "8-5-44",
      "street": "road number 5",
      "address": "near syamala movies",
      "district": "east godavari",
      "pincode": "533101"
    },
    "createdAt": "2020-03-28T09:34:58.379Z",
    "updatedAt": "2020-03-28T09:34:58.379Z",
    "slug": "nayadu-bakeries",
    "__v": 0,
    "id": "5e7f1a42fa5e87452895c247"
  },
  {
    "rating": [0],
    "banner": "banner-image.jpg",
    "gallery": [
      "gallery-1.jpg",
      "gallery-2.jpg",
      "gallery-3.jpg",
      "gallery-4.jpg",
      "gallery-5.jpg",
      "gallery-6.jpg"
    ],
    "profilePic": "profilepic.jpg",
    "Telephone": null,
    "website": "",
    "facebookurl": null,
    "instagramurl": null,
    "youtubeurl": null,
    "keywords": [""],
    "_id": "5e7f1a4dfa5e87452895c248",
    "name": "siva sai studios",
    "category": "Photographer",
    "price": "1000",
    "primaryContact": 8520085200,
    "email": "bakery.rjylatha@gmail.com",
    "address": {
      "city": "rajahmundry",
      "state": "andhra pradesh",
      "area": "a.c.gardens",
      "dno": "4-1-202/1",
      "street": "sivaji street",
      "address": "main road",
      "district": "east godavari",
      "pincode": "533101"
    },
    "createdAt": "2020-03-28T09:35:09.948Z",
    "updatedAt": "2020-03-28T09:35:09.948Z",
    "slug": "siva-sai-studios",
    "__v": 0,
    "id": "5e7f1a4dfa5e87452895c248"
  },
  {
    "rating": [0],
    "banner": "banner-image.jpg",
    "gallery": [
      "gallery-1.jpg",
      "gallery-2.jpg",
      "gallery-3.jpg",
      "gallery-4.jpg",
      "gallery-5.jpg",
      "gallery-6.jpg"
    ],
    "profilePic": "profilepic.jpg",
    "Telephone": null,
    "website": "",
    "facebookurl": null,
    "instagramurl": null,
    "youtubeurl": null,
    "keywords": [""],
    "_id": "5e7f219b68efbb4736298968",
    "name": "Murthy Grapics",
    "category": "Photographer",
    "price": "40000",
    "primaryContact": 8976451234,
    "email": "murthygraphics@gmail.com",
    "address": {
      "city": "kothamuru",
      "state": "andhra pradesh",
      "area": "konthamuru",
      "dno": "9-31-64",
      "street": "marepu street",
      "address": "half road",
      "district": "east godavari",
      "pincode": "533156"
    },
    "createdAt": "2020-03-28T10:06:19.029Z",
    "updatedAt": "2020-03-28T10:06:19.029Z",
    "slug": "murthy-grapics",
    "__v": 0,
    "id": "5e7f219b68efbb4736298968"
  },
  {
    "rating": [0],
    "banner": "banner-image.jpg",
    "gallery": [
      "gallery-1.jpg",
      "gallery-2.jpg",
      "gallery-3.jpg",
      "gallery-4.jpg",
      "gallery-5.jpg",
      "gallery-6.jpg"
    ],
    "profilePic": "profilepic.jpg",
    "Telephone": null,
    "website": "",
    "facebookurl": null,
    "instagramurl": null,
    "youtubeurl": null,
    "keywords": [""],
    "_id": "5e7f21a1f9a4484748718f45",
    "name": "Gopi Digitals",
    "category": "Photographer",
    "price": "10000",
    "primaryContact": 7845784561,
    "email": "gopidigitals.rjy@gmail.com",
    "address": {
      "city": "rajahmundry",
      "state": "andhra pradesh",
      "area": "gandinagar-1",
      "dno": "97-1-23",
      "street": "sbi bank street",
      "address": "stadium road",
      "district": "east godavari",
      "pincode": "533101"
    },
    "createdAt": "2020-03-28T10:06:25.798Z",
    "updatedAt": "2020-03-28T10:06:25.798Z",
    "slug": "gopi-digitals",
    "__v": 0,
    "id": "5e7f21a1f9a4484748718f45"
  },
  {
    "rating": [0],
    "banner": "banner-image.jpg",
    "gallery": [
      "gallery-1.jpg",
      "gallery-2.jpg",
      "gallery-3.jpg",
      "gallery-4.jpg",
      "gallery-5.jpg",
      "gallery-6.jpg"
    ],
    "profilePic": "profilepic.jpg",
    "Telephone": null,
    "website": "",
    "facebookurl": null,
    "instagramurl": null,
    "youtubeurl": null,
    "keywords": [""],
    "_id": "5e7f21a9f9a4484748718f46",
    "name": "Gopi Digitals",
    "category": "Photographer",
    "price": "10000",
    "primaryContact": 7845784561,
    "email": "gopidigitals.rjy@gmail.com",
    "address": {
      "city": "rajahmundry",
      "state": "andhra pradesh",
      "area": "gandinagar-1",
      "dno": "97-1-23",
      "street": "sbi bank street",
      "address": "stadium road",
      "district": "east godavari",
      "pincode": "533101"
    },
    "createdAt": "2020-03-28T10:06:33.380Z",
    "updatedAt": "2020-03-28T10:06:33.380Z",
    "slug": "gopi-digitals",
    "__v": 0,
    "id": "5e7f21a9f9a4484748718f46"
  },
  {
    "rating": [0],
    "banner": "banner-image.jpg",
    "gallery": [
      "gallery-1.jpg",
      "gallery-2.jpg",
      "gallery-3.jpg",
      "gallery-4.jpg",
      "gallery-5.jpg",
      "gallery-6.jpg"
    ],
    "profilePic": "profilepic.jpg",
    "Telephone": null,
    "website": "",
    "facebookurl": null,
    "instagramurl": null,
    "youtubeurl": null,
    "keywords": [""],
    "_id": "5e7f21bbe671114774e24dea",
    "name": "Yogi studios",
    "category": "Photographer",
    "price": "10000",
    "primaryContact": 9876543210,
    "email": "yogi_digitals_@gmail.com",
    "address": {
      "city": "rajanagaram",
      "state": "andhra pradesh",
      "area": "rajanagaram center",
      "dno": "12-87/1",
      "street": "konark street",
      "address": "main road",
      "district": "east godavari",
      "pincode": "533221"
    },
    "createdAt": "2020-03-28T10:06:51.597Z",
    "updatedAt": "2020-03-28T10:06:51.597Z",
    "slug": "yogi-studios",
    "__v": 0,
    "id": "5e7f21bbe671114774e24dea"
  },
  {
    "rating": [0],
    "banner": "banner-image.jpg",
    "gallery": [
      "gallery-1.jpg",
      "gallery-2.jpg",
      "gallery-3.jpg",
      "gallery-4.jpg",
      "gallery-5.jpg",
      "gallery-6.jpg"
    ],
    "profilePic": "profilepic.jpg",
    "Telephone": null,
    "website": "",
    "facebookurl": null,
    "instagramurl": null,
    "youtubeurl": null,
    "keywords": [""],
    "_id": "5e7f21c67d2e34477f59ed0b",
    "name": "Rama studios",
    "category": "Photographer",
    "price": "20000",
    "primaryContact": 9392253418,
    "email": "rama_st_rjy@gmail.com",
    "address": {
      "city": "rajahmundry",
      "state": "andhra pradesh",
      "area": "ILTD junction",
      "dno": "4-26-54/6",
      "street": "ILTD street",
      "address": "near chruch",
      "district": "east godavari",
      "pincode": "533101"
    },
    "createdAt": "2020-03-28T10:07:02.969Z",
    "updatedAt": "2020-03-28T10:07:02.969Z",
    "slug": "rama-studios",
    "__v": 0,
    "id": "5e7f21c67d2e34477f59ed0b"
  },
  {
    "rating": [0],
    "banner": "banner-image.jpg",
    "gallery": [
      "gallery-1.jpg",
      "gallery-2.jpg",
      "gallery-3.jpg",
      "gallery-4.jpg",
      "gallery-5.jpg",
      "gallery-6.jpg"
    ],
    "profilePic": "profilepic.jpg",
    "Telephone": null,
    "website": "",
    "facebookurl": null,
    "instagramurl": null,
    "youtubeurl": null,
    "keywords": [""],
    "_id": "5e7f21d2dc1b1c478b8a11e2",
    "name": "charan studios",
    "category": "Photographer",
    "price": "10000",
    "primaryContact": 9292299299,
    "email": "nanischaranstudio@gmail.com",
    "address": {
      "city": "rajahmundry",
      "state": "andhra pradesh",
      "area": "a.c.gardens",
      "dno": "4-89-21/6",
      "street": "pedda veedhi",
      "address": "near 5 cots market",
      "district": "east godavari",
      "pincode": "533101"
    },
    "createdAt": "2020-03-28T10:07:14.745Z",
    "updatedAt": "2020-03-28T10:07:14.745Z",
    "slug": "charan-studios",
    "__v": 0,
    "id": "5e7f21d2dc1b1c478b8a11e2"
  },
  {
    "rating": [0],
    "banner": "banner-image.jpg",
    "gallery": [
      "gallery-1.jpg",
      "gallery-2.jpg",
      "gallery-3.jpg",
      "gallery-4.jpg",
      "gallery-5.jpg",
      "gallery-6.jpg"
    ],
    "profilePic": "profilepic.jpg",
    "Telephone": null,
    "website": "",
    "facebookurl": null,
    "instagramurl": null,
    "youtubeurl": null,
    "keywords": [""],
    "_id": "5e7f21deb51dd047a3ed87b9",
    "name": "Posi Photography",
    "category": "Photographer",
    "price": "20000",
    "primaryContact": 9143564143,
    "email": "posiphotography@gmail.com",
    "address": {
      "city": "devarapalli",
      "state": "andhra pradesh",
      "area": "devarapalli road",
      "dno": "16-8-25",
      "street": "gokul veedhi",
      "address": "y junction",
      "district": "west godavari",
      "pincode": "536214"
    },
    "createdAt": "2020-03-28T10:07:26.826Z",
    "updatedAt": "2020-03-28T10:07:26.826Z",
    "slug": "posi-photography",
    "__v": 0,
    "id": "5e7f21deb51dd047a3ed87b9"
  },
  {
    "rating": [0],
    "banner": "banner-image.jpg",
    "gallery": [
      "gallery-1.jpg",
      "gallery-2.jpg",
      "gallery-3.jpg",
      "gallery-4.jpg",
      "gallery-5.jpg",
      "gallery-6.jpg"
    ],
    "profilePic": "profilepic.jpg",
    "Telephone": null,
    "website": "",
    "facebookurl": null,
    "instagramurl": null,
    "youtubeurl": null,
    "keywords": [""],
    "_id": "5e7f220274b6f847df978c6b",
    "name": "Venkata Ramana Digital",
    "category": "Photographer",
    "price": "10000",
    "primaryContact": 7897894566,
    "email": "venkataramanadigitals@gmail.com",
    "address": {
      "city": "kovvuru",
      "state": "andhra pradesh",
      "area": "chagallu road",
      "dno": "flat no.321",
      "street": "nooooooo",
      "address": "near watertank",
      "district": "west godavari",
      "pincode": "536289"
    },
    "createdAt": "2020-03-28T10:08:02.050Z",
    "updatedAt": "2020-03-28T10:08:02.050Z",
    "slug": "venkata-ramana-digital",
    "__v": 0,
    "id": "5e7f220274b6f847df978c6b"
  },
  {
    "rating": [0],
    "banner": "banner-image.jpg",
    "gallery": [
      "gallery-1.jpg",
      "gallery-2.jpg",
      "gallery-3.jpg",
      "gallery-4.jpg",
      "gallery-5.jpg",
      "gallery-6.jpg"
    ],
    "profilePic": "profilepic.jpg",
    "Telephone": null,
    "website": "",
    "facebookurl": null,
    "instagramurl": null,
    "youtubeurl": null,
    "keywords": [""],
    "_id": "5e7f295bc552844bdddb794a",
    "name": "Cherukuri Gardens",
    "category": "Conventions",
    "price": "200000",
    "primaryContact": 9533333331,
    "email": "cherukurigardens@gmail.com",
    "address": {
      "city": "rajahmundry",
      "state": "andhra pradesh",
      "area": "JN Road",
      "dno": "6-18-1/1",
      "street": "      ",
      "address": "main road",
      "district": "east godavari",
      "pincode": "533101"
    },
    "createdAt": "2020-03-28T10:39:23.497Z",
    "updatedAt": "2020-03-28T10:39:23.497Z",
    "slug": "cherukuri-gardens",
    "__v": 0,
    "id": "5e7f295bc552844bdddb794a"
  },
  {
    "rating": [0],
    "banner": "banner-image.jpg",
    "gallery": [
      "gallery-1.jpg",
      "gallery-2.jpg",
      "gallery-3.jpg",
      "gallery-4.jpg",
      "gallery-5.jpg",
      "gallery-6.jpg"
    ],
    "profilePic": "profilepic.jpg",
    "Telephone": null,
    "website": "",
    "facebookurl": null,
    "instagramurl": null,
    "youtubeurl": null,
    "keywords": [""],
    "_id": "5e7f2963c552844bdddb794b",
    "name": "Cherukuri Gardens",
    "category": "Conventions",
    "price": "200000",
    "primaryContact": 9533333331,
    "email": "cherukurigardens@gmail.com",
    "address": {
      "city": "rajahmundry",
      "state": "andhra pradesh",
      "area": "JN Road",
      "dno": "6-18-1/1",
      "street": "      ",
      "address": "main road",
      "district": "east godavari",
      "pincode": "533101"
    },
    "createdAt": "2020-03-28T10:39:31.430Z",
    "updatedAt": "2020-03-28T10:39:31.430Z",
    "slug": "cherukuri-gardens",
    "__v": 0,
    "id": "5e7f2963c552844bdddb794b"
  },
  {
    "rating": [0],
    "banner": "banner-image.jpg",
    "gallery": [
      "gallery-1.jpg",
      "gallery-2.jpg",
      "gallery-3.jpg",
      "gallery-4.jpg",
      "gallery-5.jpg",
      "gallery-6.jpg"
    ],
    "profilePic": "profilepic.jpg",
    "Telephone": null,
    "website": "",
    "facebookurl": null,
    "instagramurl": null,
    "youtubeurl": null,
    "keywords": [""],
    "_id": "5e7f296fc552844bdddb794c",
    "name": "Surya Funtion Hall",
    "category": "Conventions",
    "price": "50000",
    "primaryContact": 9533333333,
    "email": "suryafuntions@gmail.com",
    "address": {
      "city": "rajahmundry",
      "state": "andhra pradesh",
      "area": "JN Road",
      "dno": "6-18-1/3",
      "street": "      ",
      "address": "main road",
      "district": "east godavari",
      "pincode": "533101"
    },
    "createdAt": "2020-03-28T10:39:43.698Z",
    "updatedAt": "2020-03-28T10:39:43.698Z",
    "slug": "surya-funtion-hall",
    "__v": 0,
    "id": "5e7f296fc552844bdddb794c"
  },
  {
    "rating": [0],
    "banner": "banner-image.jpg",
    "gallery": [
      "gallery-1.jpg",
      "gallery-2.jpg",
      "gallery-3.jpg",
      "gallery-4.jpg",
      "gallery-5.jpg",
      "gallery-6.jpg"
    ],
    "profilePic": "profilepic.jpg",
    "Telephone": null,
    "website": "",
    "facebookurl": null,
    "instagramurl": null,
    "youtubeurl": null,
    "keywords": [""],
    "_id": "5e7f2979c552844bdddb794d",
    "name": "JK Gardens",
    "category": "Conventions",
    "price": "200000",
    "primaryContact": 9533333334,
    "email": "jkgardens@gmail.com",
    "address": {
      "city": "rajahmundry",
      "state": "andhra pradesh",
      "area": "JN Road",
      "dno": "6-18-1/4",
      "street": "      ",
      "address": "main road",
      "district": "east godavari",
      "pincode": "533101"
    },
    "createdAt": "2020-03-28T10:39:53.611Z",
    "updatedAt": "2020-03-28T10:39:53.611Z",
    "slug": "jk-gardens",
    "__v": 0,
    "id": "5e7f2979c552844bdddb794d"
  },
  {
    "rating": [0],
    "banner": "banner-image.jpg",
    "gallery": [
      "gallery-1.jpg",
      "gallery-2.jpg",
      "gallery-3.jpg",
      "gallery-4.jpg",
      "gallery-5.jpg",
      "gallery-6.jpg"
    ],
    "profilePic": "profilepic.jpg",
    "Telephone": null,
    "website": "",
    "facebookurl": null,
    "instagramurl": null,
    "youtubeurl": null,
    "keywords": [""],
    "_id": "5e7f2981c552844bdddb794e",
    "name": "sri verkateswara conventions",
    "category": "Conventions",
    "price": "20000",
    "primaryContact": 8132456700,
    "email": "svcrjy@gmail.com",
    "address": {
      "city": "rajahmundry",
      "state": "andhra pradesh",
      "area": "AVA Road",
      "dno": "84-8-4",
      "street": "kukkala street",
      "address": "near eat n play",
      "district": "east godavari",
      "pincode": "533101"
    },
    "createdAt": "2020-03-28T10:40:01.935Z",
    "updatedAt": "2020-03-28T10:40:01.935Z",
    "slug": "sri-verkateswara-conventions",
    "__v": 0,
    "id": "5e7f2981c552844bdddb794e"
  },
  {
    "rating": [0],
    "banner": "banner-image.jpg",
    "gallery": [
      "gallery-1.jpg",
      "gallery-2.jpg",
      "gallery-3.jpg",
      "gallery-4.jpg",
      "gallery-5.jpg",
      "gallery-6.jpg"
    ],
    "profilePic": "profilepic.jpg",
    "Telephone": null,
    "website": "",
    "facebookurl": null,
    "instagramurl": null,
    "youtubeurl": null,
    "keywords": [""],
    "_id": "5e7f298ac552844bdddb794f",
    "name": "G N Kalayana madapam",
    "category": "Conventions",
    "price": "20000",
    "primaryContact": 756942813,
    "email": "gnk.rjy@gmail.com",
    "address": {
      "city": "rajahmundry",
      "state": "andhra pradesh",
      "area": "alcot gardens",
      "dno": "4-5-9",
      "street": "GNK street",
      "address": "main road",
      "district": "east godavari",
      "pincode": "533101"
    },
    "createdAt": "2020-03-28T10:40:10.751Z",
    "updatedAt": "2020-03-28T10:40:10.751Z",
    "slug": "g-n-kalayana-madapam",
    "__v": 0,
    "id": "5e7f298ac552844bdddb794f"
  },
  {
    "rating": [0],
    "banner": "banner-image.jpg",
    "gallery": [
      "gallery-1.jpg",
      "gallery-2.jpg",
      "gallery-3.jpg",
      "gallery-4.jpg",
      "gallery-5.jpg",
      "gallery-6.jpg"
    ],
    "profilePic": "profilepic.jpg",
    "Telephone": null,
    "website": "",
    "facebookurl": null,
    "instagramurl": null,
    "youtubeurl": null,
    "keywords": [""],
    "_id": "5e7f2994c552844bdddb7950",
    "name": "Yuvaraj Gardens",
    "category": "Conventions",
    "price": "150000",
    "primaryContact": 999945845,
    "email": "yuvaraj.ap@gmail.com",
    "address": {
      "city": "kovvuru",
      "state": "andhra pradesh",
      "area": "watertank street",
      "dno": "18-5-3",
      "street": "oldmasid street",
      "address": "near complex",
      "district": "west godavari",
      "pincode": "533216"
    },
    "createdAt": "2020-03-28T10:40:20.469Z",
    "updatedAt": "2020-03-28T10:40:20.469Z",
    "slug": "yuvaraj-gardens",
    "__v": 0,
    "id": "5e7f2994c552844bdddb7950"
  },
  {
    "rating": [0],
    "banner": "banner-image.jpg",
    "gallery": [
      "gallery-1.jpg",
      "gallery-2.jpg",
      "gallery-3.jpg",
      "gallery-4.jpg",
      "gallery-5.jpg",
      "gallery-6.jpg"
    ],
    "profilePic": "profilepic.jpg",
    "Telephone": null,
    "website": "",
    "facebookurl": null,
    "instagramurl": null,
    "youtubeurl": null,
    "keywords": [""],
    "_id": "5e7f299bc552844bdddb7951",
    "name": "deepthi conventions",
    "category": "Conventions",
    "price": "150000",
    "primaryContact": 8975461450,
    "email": "bwz.conventions@gmail.com",
    "address": {
      "city": "vijayawada",
      "state": "andhra pradesh",
      "area": "benz circle",
      "dno": "18-51-03",
      "street": "jamaakku street",
      "address": "near inox, behind govt,polytechnic",
      "district": "krishna",
      "pincode": "512346"
    },
    "createdAt": "2020-03-28T10:40:27.402Z",
    "updatedAt": "2020-03-28T10:40:27.402Z",
    "slug": "deepthi-conventions",
    "__v": 0,
    "id": "5e7f299bc552844bdddb7951"
  },
  {
    "rating": [0],
    "banner": "banner-image.jpg",
    "gallery": [
      "gallery-1.jpg",
      "gallery-2.jpg",
      "gallery-3.jpg",
      "gallery-4.jpg",
      "gallery-5.jpg",
      "gallery-6.jpg"
    ],
    "profilePic": "profilepic.jpg",
    "Telephone": null,
    "website": "",
    "facebookurl": null,
    "instagramurl": null,
    "youtubeurl": null,
    "keywords": [""],
    "_id": "5e7f2acec552844bdddb7952",
    "name": "MRC Kakatiya Convention Center",
    "category": "Conventions",
    "price": "150000",
    "primaryContact": 8912744343,
    "email": "mrckakatiyaconventions@gmail.com",
    "address": {
      "city": "Vizag",
      "state": "andhra pradesh",
      "area": "Maddilapalem",
      "dno": "53-23-1, 11",
      "street": "Pinagadi street",
      "address": "Resapuvanipalem road",
      "district": "visakapatnam",
      "pincode": "530013"
    },
    "createdAt": "2020-03-28T10:45:34.012Z",
    "updatedAt": "2020-03-28T10:45:34.012Z",
    "slug": "mrc-kakatiya-convention-center",
    "__v": 0,
    "id": "5e7f2acec552844bdddb7952"
  },
  {
    "rating": [0],
    "banner": "banner-image.jpg",
    "gallery": [
      "gallery-1.jpg",
      "gallery-2.jpg",
      "gallery-3.jpg",
      "gallery-4.jpg",
      "gallery-5.jpg",
      "gallery-6.jpg"
    ],
    "profilePic": "profilepic.jpg",
    "Telephone": null,
    "website": "",
    "facebookurl": null,
    "instagramurl": null,
    "youtubeurl": null,
    "keywords": [""],
    "_id": "5e7f2b3553888a4c2d81f1af",
    "name": "AU Convention Center",
    "category": "Conventions",
    "price": "150000",
    "primaryContact": 8912733343,
    "email": "mrckakatiyaconventions@gmail.com",
    "address": {
      "city": "Vizag",
      "state": "andhra pradesh",
      "area": "HPCL Colony",
      "dno": "53-23-1, 21",
      "street": "Pandurangapuram",
      "address": "Dr NTR Beach road",
      "district": "visakapatnam",
      "pincode": "530003"
    },
    "createdAt": "2020-03-28T10:47:17.690Z",
    "updatedAt": "2020-03-28T10:47:17.690Z",
    "slug": "au-convention-center",
    "__v": 0,
    "id": "5e7f2b3553888a4c2d81f1af"
  },
  {
    "rating": [0],
    "banner": "banner-image.jpg",
    "gallery": [
      "gallery-1.jpg",
      "gallery-2.jpg",
      "gallery-3.jpg",
      "gallery-4.jpg",
      "gallery-5.jpg",
      "gallery-6.jpg"
    ],
    "profilePic": "profilepic.jpg",
    "Telephone": null,
    "website": "",
    "facebookurl": null,
    "instagramurl": null,
    "youtubeurl": null,
    "keywords": [""],
    "_id": "5e7f30b57768014f14836d03",
    "name": "Pelli Poola Jada",
    "category": "Florist",
    "price": "8000",
    "primaryContact": 9652111853,
    "email": "pellipoolajada@gmail.com",
    "address": {
      "city": "kakiknada",
      "state": "andhra pradesh",
      "area": "Bhanugudi junction",
      "dno": "53-23-21, 21",
      "street": "Dantuvarist ",
      "address": "Rama Rao Peta",
      "district": "east godavari",
      "pincode": "530003"
    },
    "createdAt": "2020-03-28T11:10:45.847Z",
    "updatedAt": "2020-03-28T11:10:45.847Z",
    "slug": "pelli-poola-jada",
    "__v": 0,
    "id": "5e7f30b57768014f14836d03"
  },
  {
    "rating": [0],
    "banner": "banner-image.jpg",
    "gallery": [
      "gallery-1.jpg",
      "gallery-2.jpg",
      "gallery-3.jpg",
      "gallery-4.jpg",
      "gallery-5.jpg",
      "gallery-6.jpg"
    ],
    "profilePic": "profilepic.jpg",
    "Telephone": null,
    "website": "",
    "facebookurl": null,
    "instagramurl": null,
    "youtubeurl": null,
    "keywords": [""],
    "_id": "5e7f30c17768014f14836d04",
    "name": "Khubsoorat Florist",
    "category": "Florist",
    "price": "2000",
    "primaryContact": 9849052333,
    "email": "123asdqawer@gmail.com",
    "address": {
      "city": "kakiknada",
      "state": "andhra pradesh",
      "area": "Bhanugudi junction",
      "dno": "53-23-21, 21",
      "street": "Gokulstreet",
      "address": "G O Colony",
      "district": "east godavari",
      "pincode": "530003"
    },
    "createdAt": "2020-03-28T11:10:57.863Z",
    "updatedAt": "2020-03-28T11:10:57.863Z",
    "slug": "khubsoorat-florist",
    "__v": 0,
    "id": "5e7f30c17768014f14836d04"
  },
  {
    "rating": [0],
    "banner": "banner-image.jpg",
    "gallery": [
      "gallery-1.jpg",
      "gallery-2.jpg",
      "gallery-3.jpg",
      "gallery-4.jpg",
      "gallery-5.jpg",
      "gallery-6.jpg"
    ],
    "profilePic": "profilepic.jpg",
    "Telephone": null,
    "website": "",
    "facebookurl": null,
    "instagramurl": null,
    "youtubeurl": null,
    "keywords": [""],
    "_id": "5e7f30dbfd07fd4f4e583bcf",
    "name": "Venkataramana Flower Merchants",
    "category": "Florist",
    "price": "12000",
    "primaryContact": 994933552,
    "email": "kondayyapalem@gmail.com",
    "address": {
      "city": "kakiknada",
      "state": "andhra pradesh",
      "area": "Bhanugudi junction",
      "dno": "53-21-21",
      "street": "Dantuvarist",
      "address": "Kondayya Palem",
      "district": "east godavari",
      "pincode": "530003"
    },
    "createdAt": "2020-03-28T11:11:23.153Z",
    "updatedAt": "2020-03-28T11:11:23.153Z",
    "slug": "venkataramana-flower-merchants",
    "__v": 0,
    "id": "5e7f30dbfd07fd4f4e583bcf"
  },
  {
    "rating": [0],
    "banner": "banner-image.jpg",
    "gallery": [
      "gallery-1.jpg",
      "gallery-2.jpg",
      "gallery-3.jpg",
      "gallery-4.jpg",
      "gallery-5.jpg",
      "gallery-6.jpg"
    ],
    "profilePic": "profilepic.jpg",
    "Telephone": null,
    "website": "",
    "facebookurl": null,
    "instagramurl": null,
    "youtubeurl": null,
    "keywords": [""],
    "_id": "5e7f310245858f4f6ac1d32c",
    "name": "Kolkata Florist",
    "category": "Florist",
    "price": "12000",
    "primaryContact": 994933552,
    "email": "kondayyapalem@gmail.com",
    "address": {
      "city": "rajahmundry",
      "state": "andhra pradesh",
      "area": "JN road",
      "dno": "5-1-21",
      "street": "srinvasa st",
      "address": "Srinivas Nagar, Gandhipuram",
      "district": "east godavari",
      "pincode": "530003"
    },
    "createdAt": "2020-03-28T11:12:02.296Z",
    "updatedAt": "2020-03-28T11:12:02.296Z",
    "slug": "kolkata-florist",
    "__v": 0,
    "id": "5e7f310245858f4f6ac1d32c"
  },
  {
    "rating": [0],
    "banner": "banner-image.jpg",
    "gallery": [
      "gallery-1.jpg",
      "gallery-2.jpg",
      "gallery-3.jpg",
      "gallery-4.jpg",
      "gallery-5.jpg",
      "gallery-6.jpg"
    ],
    "profilePic": "profilepic.jpg",
    "Telephone": null,
    "website": "",
    "facebookurl": null,
    "instagramurl": null,
    "youtubeurl": null,
    "keywords": [""],
    "_id": "5e7f31539374cd4fa5d366ba",
    "name": "Orchid's Florist",
    "category": "Florist",
    "price": "7000",
    "primaryContact": 8916644888,
    "email": "orchidsflorist@gmail.com",
    "address": {
      "city": "vizag",
      "state": "andhra pradesh",
      "area": "Ramanagar Road",
      "dno": "10-23-284",
      "street": "Ram Nagar",
      "address": "Nehru Nagar TPT/VUDA Colony, Nehru Nagar",
      "district": "Visakhapatnam",
      "pincode": "533002"
    },
    "createdAt": "2020-03-28T11:13:23.426Z",
    "updatedAt": "2020-03-28T11:13:23.426Z",
    "slug": "orchid's-florist",
    "__v": 0,
    "id": "5e7f31539374cd4fa5d366ba"
  },
  {
    "rating": [0],
    "banner": "banner-image.jpg",
    "gallery": [
      "gallery-1.jpg",
      "gallery-2.jpg",
      "gallery-3.jpg",
      "gallery-4.jpg",
      "gallery-5.jpg",
      "gallery-6.jpg"
    ],
    "profilePic": "profilepic.jpg",
    "Telephone": null,
    "website": "",
    "facebookurl": null,
    "instagramurl": null,
    "youtubeurl": null,
    "keywords": [""],
    "_id": "5e7f31609374cd4fa5d366bb",
    "name": "Sri Ganapathi Flower Decoration",
    "category": "Florist",
    "price": "10000",
    "primaryContact": 9885360088,
    "email": "sriganapathiflowerdecoration@gmail.com",
    "address": {
      "city": "Simhachalam",
      "state": "andhra pradesh",
      "area": "Simhachalam  Road",
      "dno": "19-121/11",
      "street": "Sri Sai Nagar",
      "address": "Near State Bank of India,Simhachalam Branch, Old Adavivaram,",
      "district": "Visakhapatnam",
      "pincode": "530028"
    },
    "createdAt": "2020-03-28T11:13:36.099Z",
    "updatedAt": "2020-03-28T11:13:36.099Z",
    "slug": "sri-ganapathi-flower-decoration",
    "__v": 0,
    "id": "5e7f31609374cd4fa5d366bb"
  },
  {
    "rating": [0],
    "banner": "banner-image.jpg",
    "gallery": [
      "gallery-1.jpg",
      "gallery-2.jpg",
      "gallery-3.jpg",
      "gallery-4.jpg",
      "gallery-5.jpg",
      "gallery-6.jpg"
    ],
    "profilePic": "profilepic.jpg",
    "Telephone": null,
    "website": "",
    "facebookurl": null,
    "instagramurl": null,
    "youtubeurl": null,
    "keywords": [""],
    "_id": "5e7f318769ac194fbc1407b1",
    "name": "Sri lakshmi flower decortion",
    "category": "Florist",
    "price": "5000",
    "primaryContact": 8977778924,
    "email": "srilakshmiflowerdecortion@gmail.com",
    "address": {
      "city": "rajahmundry",
      "state": "andhra pradesh",
      "area": "Mallayapeta",
      "dno": "18-21-2, 2",
      "street": "APPM Workers",
      "address": "APPM Township Local Park, Katheru",
      "district": "east godavari",
      "pincode": "533105"
    },
    "createdAt": "2020-03-28T11:14:15.385Z",
    "updatedAt": "2020-03-28T11:14:15.385Z",
    "slug": "sri-lakshmi-flower-decortion",
    "__v": 0,
    "id": "5e7f318769ac194fbc1407b1"
  },
  {
    "rating": [0],
    "banner": "banner-image.jpg",
    "gallery": [
      "gallery-1.jpg",
      "gallery-2.jpg",
      "gallery-3.jpg",
      "gallery-4.jpg",
      "gallery-5.jpg",
      "gallery-6.jpg"
    ],
    "profilePic": "profilepic.jpg",
    "Telephone": null,
    "website": "",
    "facebookurl": null,
    "instagramurl": null,
    "youtubeurl": null,
    "keywords": [""],
    "_id": "5e7f8b38767e835838eed45e",
    "name": "Bakers Castle",
    "category": "Cake",
    "price": "1500",
    "primaryContact": 9000008889,
    "email": "bakercastle@gmail.com",
    "address": {
      "city": "vizag",
      "state": "andhra pradesh",
      "area": "Siripuram Junction",
      "dno": "10-50-22/1",
      "street": "Waltair st",
      "address": "Siripuram Cir, Andhra University South Campus",
      "district": "Visakhapatnam",
      "pincode": "533002"
    },
    "slug": "bakers-castle",
    "__v": 0,
    "id": "5e7f8b38767e835838eed45e"
  },
  {
    "rating": [0],
    "banner": "banner-image.jpg",
    "gallery": [
      "gallery-1.jpg",
      "gallery-2.jpg",
      "gallery-3.jpg",
      "gallery-4.jpg",
      "gallery-5.jpg",
      "gallery-6.jpg"
    ],
    "profilePic": "profilepic.jpg",
    "Telephone": null,
    "website": "",
    "facebookurl": null,
    "instagramurl": null,
    "youtubeurl": null,
    "keywords": [""],
    "_id": "5e7f8b51767e835838eed45f",
    "name": "Bakers Hub",
    "category": "Cake",
    "price": "700",
    "primaryContact": 7801018000,
    "email": "bakerhub.vizag@gmail.com",
    "address": {
      "city": "vizag",
      "state": "andhra pradesh",
      "area": "75 Feet Service Rd",
      "dno": "10-50-22/1",
      "street": "Asilmetta",
      "address": "opp. UNLIMITED STORES, CBM Compound",
      "district": "Visakhapatnam",
      "pincode": "533002"
    },
    "slug": "bakers-hub",
    "__v": 0,
    "id": "5e7f8b51767e835838eed45f"
  },
  {
    "rating": [0],
    "banner": "banner-image.jpg",
    "gallery": [
      "gallery-1.jpg",
      "gallery-2.jpg",
      "gallery-3.jpg",
      "gallery-4.jpg",
      "gallery-5.jpg",
      "gallery-6.jpg"
    ],
    "profilePic": "profilepic.jpg",
    "Telephone": null,
    "website": "",
    "facebookurl": null,
    "instagramurl": null,
    "youtubeurl": null,
    "keywords": [""],
    "_id": "5e7f8b5e767e835838eed460",
    "name": "Cake magic",
    "category": "Cake",
    "price": "999",
    "primaryContact": 9848181144,
    "email": "cakemagic.rjy@gmail.com",
    "address": {
      "city": "rajahmundry",
      "state": "andhra pradesh",
      "area": "Prakasam Nagar",
      "dno": "10-50-22/1",
      "street": "Srinivas street",
      "address": "Jawaharlal Nehru Rd, Beside Abhaya Clinic",
      "district": "Visakhapatnam",
      "pincode": "533002"
    },
    "slug": "cake-magic",
    "__v": 0,
    "id": "5e7f8b5e767e835838eed460"
  },
  {
    "rating": [0],
    "banner": "banner-image.jpg",
    "gallery": [
      "gallery-1.jpg",
      "gallery-2.jpg",
      "gallery-3.jpg",
      "gallery-4.jpg",
      "gallery-5.jpg",
      "gallery-6.jpg"
    ],
    "profilePic": "profilepic.jpg",
    "Telephone": null,
    "website": "",
    "facebookurl": null,
    "instagramurl": null,
    "youtubeurl": null,
    "keywords": [""],
    "_id": "5e7f8b68767e835838eed461",
    "name": "Bake Way",
    "category": "Cake",
    "price": "999",
    "primaryContact": 8832446236,
    "email": "bakeway.bakeway@gmail.com",
    "address": {
      "city": "rajahmundry",
      "state": "andhra pradesh",
      "area": "Nandam Gani Junction",
      "dno": "46-9-22",
      "street": "Danavai Peta",
      "address": "TTD Rd Beside Vodafone Store",
      "district": "Visakhapatnam",
      "pincode": "533002"
    },
    "slug": "bake-way",
    "__v": 0,
    "id": "5e7f8b68767e835838eed461"
  }
]
