[{"id":"293688d8-8c30-415c-b155-331b542ea1f6","username":"ganesh","email":"ganeshmediaworks@gmail.com","password":"$2a$10$4uOKEF1Z3lmcO7aYPOQQk.n8GcXisZw2RyS5PZyooTv8HR6a61Y6a"},{"id":"261efd7d-60ad-491f-b56d-4115833459cf","username":"murali","email":"murali@gmail.com","password":"$2a$10$GyfDqyAnLLwsGy5CCeCbsOAfaMorhW2T9jdLKagiYOpN9wna32lpC"},{"id":"b5415cc6-bebd-4045-ac39-c09f422cc9ce","username":"manoj","email":"manoj@gmail.com","password":"$2a$10$lgylhKcSxBAllOaf85gxl.D7waGsG82YdwUK04gIY2n.scpuiQZ2m"},{"id":"f109a0d6-4f6f-4362-b0b7-cdf58e81384a","username":"teja","email":"teja@gmail.com","password":"$2a$10$Kn46qR1xv8cPAKs5zrG3keqsPKxpTRcVTEqnzhhZpsl40v4x/rFaO"},{"id":"3c33cf72-feb1-4fee-bf59-1708c52686de","username":"sidhi","email":"sidhija@gmail.com","password":"$2a$10$2McfGSKQZHQH3vHSMFEoge2.237IgAKVus32T4xinAUPNeWv5zsqG"},{"id":"bc105ea3-4fa3-4703-9202-578e9a3113f1","username":"anurag","email":"anurag@gmail.com","password":"$2a$10$tHILbs97azKVjkV9pMmUXOZ66I.xMIQ0C.LacSNcAtld2YMnF9TU."},{"id":"8bdc4188-6f22-43cd-a64d-c2eb95b20d52","username":"ganesh","email":"ganeshrajamaddi@gmail.com","password":"$2a$10$GzwPkwpwb9mn/JanmjblxOd227zQdTMGWCQ2/tkYnFSBZm/CG9Ro2"}]